S.No,Date,Region,Confirmed_Cases,Active_Cases,Cured/Discharged,Death
1,03-12-2019,India,74,71,3,0
2,04-12-2019,India,75,71,3,1
3,05-12-2019,India,84,72,10,2
4,06-12-2019,India,107,95,10,2
5,07-12-2019,India,114,99,13,2
6,08-12-2019,India,137,120,14,3
7,09-12-2019,India,146,129,14,3
8,10-12-2019,India,166,148,15,3
9,11-12-2019,India,195,171,20,4
10,12-12-2019,India,258,231,23,4
11,13-12-2019,India,360,329,24,7
12,14-12-2019,India,433,402,24,7
13,15-12-2019,India,492,446,37,9
14,16-12-2019,India,519,469,40,10
15,17-12-2019,India,649,593,43,13
16,18-12-2019,India,724,640,67,17
17,19-12-2019,India,909,810,80,19
18,20-12-2019,India,979,867,87,25
19,21-12-2019,India,1071,942,100,29
20,22-12-2019,India,1397,1238,124,35
21,23-12-2019,India,1637,1466,133,38
22,24-12-2019,India,1965,1764,151,50
23,25-12-2019,India,2301,2088,157,56
24,26-12-2019,India,2902,2650,184,68
25,27-12-2019,India,3374,3030,267,77
26,28-12-2019,India,4067,3666,292,109
27,29-12-2019,India,4421,3981,326,114
28,30-12-2019,India,5194,4643,402,149
29,31-12-2019,India,5734,5095,473,166
30,01-01-2020,India,6412,5709,504,199
31,02-01-2020,India,7447,6565,643,239
32,03-01-2020,India,8356,7367,716,273
33,04-01-2020,India,9152,7987,857,308
34,05-01-2020,India,10363,8988,1036,339
35,06-01-2020,India,11439,9756,1306,377
36,07-01-2020,India,12380,10477,1489,414
37,08-01-2020,India,13387,11201,1749,437
38,09-01-2020,India,14378,11906,1992,480
39,10-01-2020,India,15712,12974,2231,507
40,11-01-2020,India,17265,14175,2547,543
41,12-01-2020,India,18601,14759,3252,590
42,13-01-2020,India,19984,15474,3870,640
43,14-01-2020,India,21393,16454,4258,681
44,15-01-2020,India,23077,17610,4749,718
45,16-01-2020,India,24506,18668,5063,775
46,17-01-2020,India,26496,19868,5804,824
47,18-01-2020,India,27892,20835,6185,872
48,19-01-2020,India,29435,21632,6869,934
49,20-01-2020,India,31332,22629,7696,1007
50,21-01-2020,India,33050,23651,8325,1074
51,22-01-2020,India,35043,25007,8889,1147
52,23-01-2020,India,37336,26167,9951,1218
53,24-01-2020,India,39980,28046,10633,1301
54,25-01-2020,India,42533,29453,11707,1373
55,26-01-2020,India,46433,32138,12727,1568
56,27-01-2020,India,49390,33513,14183,1694
57,28-01-2020,India,52951,35901,15267,1783
58,29-01-2020,India,56341,37915,16540,1886
59,30-01-2020,India,59662,39834,17847,1981
60,31-01-2020,India,62939,41472,19358,2109
61,01-02-2020,India,67152,44029,20917,2206
62,02-02-2020,India,70756,46008,22455,2293
63,03-02-2020,India,74281,47480,24386,2415
64,04-02-2020,India,78003,49219,26235,2549
65,05-02-2020,India,81970,51401,27920,2649
66,06-02-2020,India,85940,53035,30153,2752
67,07-02-2020,India,90927,53946,34109,2872
68,08-02-2020,India,96169,56316,36824,3029
69,09-02-2020,India,101139,58802,39174,3163
70,10-02-2020,India,106750,61149,42298,3303
71,11-02-2020,India,112359,63624,45300,3435
72,12-02-2020,India,118447,66330,48534,3583
73,13-02-2020,India,125101,69597,51784,3720
74,14-02-2020,India,131868,73560,54441,3867
75,15-02-2020,India,138845,77103,57721,4021
76,16-02-2020,India,145380,80722,60491,4167
77,17-02-2020,India,151767,83004,64426,4337
78,18-02-2020,India,158333,86110,67692,4531
79,19-02-2020,India,165799,89987,71106,4706
80,20-02-2020,India,173763,86422,82370,4971
81,21-02-2020,India,182143,89995,86984,5164
82,22-02-2020,India,190535,93322,91819,5394
83,23-02-2020,India,198706,97581,95527,5598
84,24-02-2020,India,207615,101497,100303,5815
85,25-02-2020,India,216919,106737,104107,6075
86,26-02-2020,India,226770,110960,109462,6348
87,27-02-2020,India,236657,115942,114073,6642
88,28-02-2020,India,246628,120406,119293,6929
89,29-02-2020,India,256611,125381,124095,7135
90,01-03-2020,India,266598,129917,129215,7466
91,02-03-2020,India,276583,133632,135206,7745
92,03-03-2020,India,286579,137448,141029,8102
93,04-03-2020,India,297535,141842,147195,8498
94,05-03-2020,India,308993,145779,154330,8884
95,06-03-2020,India,320922,149348,162379,9195
96,07-03-2020,India,332424,153106,169798,9520
97,08-03-2020,India,343091,153178,180013,9900
98,09-03-2020,India,354065,155227,186935,11903
99,10-03-2020,India,366946,160384,194325,12237
100,11-03-2020,India,380532,163248,204711,12573
101,12-03-2020,India,395048,168269,213831,12948
102,13-03-2020,India,410461,169451,227756,13254
103,14-03-2020,India,425282,174387,237196,13699
104,15-03-2020,India,440215,178014,248190,14011
105,16-03-2020,India,456183,183022,258685,14476
106,17-03-2020,India,473105,186514,271697,14894
107,18-03-2020,India,490401,189463,285637,15301
108,19-03-2020,India,508953,197387,295881,15685
109,20-03-2020,India,528859,203051,309713,16095
110,21-03-2020,India,548318,210120,321723,16475
111,22-03-2020,India,566840,215125,334822,16893
112,23-03-2020,India,585493,220114,347979,17400
113,24-03-2020,India,604641,226947,359860,17834
114,25-03-2020,India,625544,227439,379892,18213
115,26-03-2020,India,648315,235433,394227,18655
116,27-03-2020,India,673165,244814,409083,19268
117,28-03-2020,India,697413,253287,424433,19693
118,29-03-2020,India,719665,259557,439948,20160
119,30-03-2020,India,742417,264944,456831,20642
120,31-03-2020,India,767296,269789,476378,21129
121,01-04-2020,India,793802,276685,495513,21604
122,02-04-2020,India,820916,283407,515386,22123
123,03-04-2020,India,849553,292258,534621,22674
124,04-04-2020,India,878254,301609,553471,23174
125,05-04-2020,India,906752,311565,571460,23727
126,06-04-2020,India,936181,319840,592032,24309
127,07-04-2020,India,968876,331146,612815,24915
128,08-04-2020,India,1003832,342473,635757,25602
129,09-04-2020,India,1038716,358692,653751,26273
130,10-04-2020,India,1077618,373379,677423,26816
131,11-04-2020,India,1118043,390459,700087,27497
132,12-04-2020,India,1155191,402529,724578,28084
133,13-04-2020,India,1192915,411133,753050,28732
134,14-04-2020,India,1238635,426167,782607,29861
135,15-04-2020,India,1287945,440135,817209,30601
136,16-04-2020,India,1336861,456071,849432,31358
137,17-04-2020,India,1385522,467882,885577,32063
138,18-04-2020,India,1435453,485114,917568,32771
139,19-04-2020,India,1483156,496988,952743,33425
140,20-04-2020,India,1531669,509447,988029,34193
141,21-04-2020,India,1583792,528242,1020582,34968
142,22-04-2020,India,1638870,545318,1057805,35747
143,23-04-2020,India,1695988,565103,1094374,36511
144,24-04-2020,India,1750723,567730,1145629,37364
145,25-04-2020,India,1803695,579357,1186203,38135
146,26-04-2020,India,1855745,586298,1230509,38938
147,27-04-2020,India,1908254,586244,1282215,39795
148,28-04-2020,India,1964536,595501,1328336,40699
149,29-04-2020,India,2027074,607384,1378105,41585
150,30-04-2020,India,2088611,619088,1427005,42518
151,01-05-2020,India,2153010,628747,1480884,43379
152,02-05-2020,India,2215074,634945,1535743,44386
153,03-05-2020,India,2268675,639929,1583489,45257
154,04-05-2020,India,2329638,643948,1639599,46091
155,05-05-2020,India,2396637,653622,1695982,47033
156,06-05-2020,India,2461190,661595,1751555,48040
157,07-05-2020,India,2526192,668220,1808936,49036
158,08-05-2020,India,2589682,677444,1862258,49980
159,09-05-2020,India,2647663,676900,1919842,50921
160,10-05-2020,India,2702742,673166,1977779,51797
161,11-05-2020,India,2767273,676514,2037870,52889
162,12-05-2020,India,2836925,686395,2096664,53866
163,13-05-2020,India,2905823,692028,2158946,54849
164,14-05-2020,India,2975701,697330,2222577,55794
165,15-05-2020,India,3044940,707668,2280566,56706
166,16-05-2020,India,3106348,710771,2338035,57542
167,17-05-2020,India,3167323,704348,2404585,58390
168,18-05-2020,India,3234474,707267,2467758,59449
169,19-05-2020,India,3310234,725991,2523771,60472
170,20-05-2020,India,3387500,742023,2583948,61529
171,21-05-2020,India,3463972,752424,2648998,62550
172,22-05-2020,India,3542733,765302,2713933,63498
173,23-05-2020,India,3621245,781975,2774801,64469
174,24-05-2020,India,3691166,785996,2839882,65288
175,25-05-2020,India,3769523,801282,2901908,66333
176,26-05-2020,India,3853406,815538,2970492,67376
177,27-05-2020,India,3936747,831124,3037151,68472
178,28-05-2020,India,4023179,846395,3107223,69561
179,29-05-2020,India,4113811,862320,3180865,70626
180,30-05-2020,India,4204613,882542,3250429,71642
181,31-05-2020,India,4280422,883697,3323950,72775
182,01-06-2020,India,4370128,897394,3398844,73890
183,02-06-2020,India,4465863,919018,3471783,75062
184,03-06-2020,India,4562414,943480,3542663,76271
185,04-06-2020,India,4659984,958316,3624196,77472
186,05-06-2020,India,4754356,973175,3702595,78586
187,06-06-2020,India,4846427,986598,3780107,79722
188,07-06-2020,India,4930236,990061,3859399,80776
189,08-06-2020,India,5020359,995933,3942360,82066
190,09-06-2020,India,5118253,1009976,4025079,83198
191,10-06-2020,India,5214677,1017754,4112551,84372
192,11-06-2020,India,5308014,1013964,4208431,85619
193,12-06-2020,India,5400619,1010824,4303043,86752
194,13-06-2020,India,5487580,1003299,4396399,87882
195,14-06-2020,India,5562663,975861,4497867,88935
196,15-06-2020,India,5646010,968377,4587613,90020
197,16-06-2020,India,5732518,966382,4674987,91149
198,17-06-2020,India,5818570,970116,4756164,92290
199,18-06-2020,India,5903932,960969,4849584,93379
200,19-06-2020,India,5992532,956402,4941627,94503
201,20-06-2020,India,6074702,962640,5016520,95542
202,21-06-2020,India,6145291,947576,5101397,96318
203,22-06-2020,India,6225763,940441,5187825,97497
204,23-06-2020,India,6312584,940705,5273201,98678
205,24-06-2020,India,6394068,942217,5352078,99773
206,25-06-2020,India,6473544,944996,5427706,100842
207,26-06-2020,India,6549373,937625,5509966,101782
208,27-06-2020,India,6623815,934427,5586703,102685
209,28-06-2020,India,6685082,919023,5662490,103569
210,29-06-2020,India,6757131,907883,5744693,104555
211,30-06-2020,India,6835655,902425,5827704,105526
212,01-07-2020,India,6906151,893592,5906069,106490
213,02-07-2020,India,6979423,883185,5988822,107416
214,03-07-2020,India,7053806,867496,6077976,108334
215,04-07-2020,India,7120538,861853,6149535,109150
216,05-07-2020,India,7175880,838729,6227295,109856
217,06-07-2020,India,7239389,826876,6301927,110586
218,07-07-2020,India,7307097,812390,6383441,111266
219,08-07-2020,India,7370468,804528,6453779,112161
220,09-07-2020,India,7432680,795087,6524595,112998
221,10-07-2020,India,7494551,783311,6597209,114031
222,11-07-2020,India,7550273,772055,6663608,114610
223,12-07-2020,India,7597063,748538,6733328,115197
224,13-07-2020,India,7651107,740090,6795103,115914
225,14-07-2020,India,7706946,715812,6874518,116616
226,15-07-2020,India,7761312,695509,6948497,117306
227,16-07-2020,India,7814682,680680,7016046,117956
228,17-07-2020,India,7864811,668154,7078123,118534
229,18-07-2020,India,7909959,653717,7137228,119014
230,19-07-2020,India,7946429,625857,7201070,119502
231,20-07-2020,India,7990322,610803,7259509,120010
232,21-07-2020,India,8040203,603687,7315989,120527
233,22-07-2020,India,8088851,594386,7373375,121090
234,23-07-2020,India,8137119,582649,7432829,121641
235,24-07-2020,India,8184082,570458,7491513,122111
236,25-07-2020,India,8229313,561908,7544798,122607
237,26-07-2020,India,8267623,541405,7603121,123097
238,27-07-2020,India,8313876,533787,7656478,123611
239,28-07-2020,India,8364086,527962,7711809,124315
240,29-07-2020,India,8411724,520773,7765966,124985
241,30-07-2020,India,8462080,516632,7819886,125562
242,31-07-2020,India,8507754,512665,7868968,126121
243,01-08-2020,India,8553657,509673,7917373,126611
244,02-08-2020,India,8591730,505265,7959406,127059
245,03-08-2020,India,8636011,494657,8013783,127571
246,04-08-2020,India,8683916,489294,8066501,128121
247,05-08-2020,India,8728795,484547,8115580,128668
248,06-08-2020,India,8773479,480719,8163572,129188
249,07-08-2020,India,8814579,479216,8205728,129635
250,08-08-2020,India,8845127,465478,8249579,130070
251,09-08-2020,India,8874290,453401,8290370,130519
252,10-08-2020,India,8912907,446805,8335109,130993
253,11-08-2020,India,8958483,443303,8383602,131578
254,12-08-2020,India,9004365,443794,8428409,132162
255,13-08-2020,India,9050597,439747,8478124,132726
256,14-08-2020,India,9095806,440962,8521617,133227
257,15-08-2020,India,9139865,443486,8562641,133738
258,16-08-2020,India,9177840,438667,8604955,134218
259,17-08-2020,India,9222216,444746,8642771,134699
260,18-08-2020,India,9266705,452344,8679138,135223
261,19-08-2020,India,9309787,455555,8718517,135715
262,20-08-2020,India,9351109,454940,8759969,136200
263,21-08-2020,India,9392919,453956,8802267,136696
264,22-08-2020,India,9431691,446952,8847600,137139
265,23-08-2020,India,9462809,435603,8889585,137621
266,24-08-2020,India,9499413,428644,8932647,138122
267,25-08-2020,India,9534964,422943,8973373,138648
268,26-08-2020,India,9571559,416082,9016289,139188
269,27-08-2020,India,9608211,409689,9058822,139700
270,28-08-2020,India,9644222,403248,9100792,140182
271,29-08-2020,India,9677203,396729,9139901,140573
272,30-08-2020,India,9703770,383866,9178946,140958
273,31-08-2020,India,9735850,378909,9215581,141360
274,01-09-2020,India,9767371,372293,9253306,141772
275,02-09-2020,India,9796769,363749,9290834,142186
276,03-09-2020,India,9826775,359819,9324328,142628
277,04-09-2020,India,9857029,356546,9357464,143019
278,05-09-2020,India,9884100,352586,9388159,143355
279,06-09-2020,India,9906165,339820,9422636,143709
280,07-09-2020,India,9956557,322366,9489740,144451
281,08-09-2020,India,9979447,313831,9520827,144789
282,09-09-2020,India,10004599,308751,9550712,145136
283,10-09-2020,India,10031223,305344,9580402,145477
284,11-09-2020,India,10055560,303639,9606111,145810
285,12-09-2020,India,10075116,292518,9636487,146111
286,13-09-2020,India,10099066,289240,9663382,146444
287,14-09-2020,India,10123778,283849,9693173,146756
288,15-09-2020,India,10146845,281919,9717834,147092
289,16-09-2020,India,10169118,281667,9740108,147343
290,17-09-2020,India,10187850,278690,9761538,147622
291,18-09-2020,India,10207871,277301,9782669,147901
292,19-09-2020,India,10224303,268581,9807569,148153
293,20-09-2020,India,10244852,262272,9834141,148439
294,21-09-2020,India,10266674,257656,9860280,148738
295,22-09-2020,India,10323965,247220,9927310,149435
296,23-09-2020,India,10340469,243953,9946867,149649
297,24-09-2020,India,10356844,231036,9975958,149850
298,25-09-2020,India,10374932,227546,9997272,150114
299,26-09-2020,India,10395278,228083,10016859,150336
300,27-09-2020,India,10413417,225449,10037398,150570
301,28-09-2020,India,10431639,224190,10056651,150798
302,29-09-2020,India,10450284,223335,10075950,150999
303,30-09-2020,India,10466595,222526,10092909,151160
304,01-10-2020,India,10503941,216751,11156334,160856
305,02-10-2020,India,10505147,214507,10129111,151529
306,03-10-2020,India,10512093,213603,10146763,151727
307,04-10-2020,India,10527683,213027,10162738,151918
308,05-10-2020,India,10542841,211033,10179715,152093
309,06-10-2020,India,10557985,208826,10196885,152274
310,07-10-2020,India,10571773,208012,10211342,152419
311,08-10-2020,India,10581837,200528,10228753,152556
312,09-10-2020,India,10595660,197201,10245741,152718
313,10-10-2020,India,10610883,192308,10265706,152869
314,11-10-2020,India,10625428,188688,10283708,153032
315,12-10-2020,India,10639684,185662,10300838,153184
316,13-10-2020,India,10654533,184408,10316786,153339
317,14-10-2020,India,10667736,184182,10330084,153470
318,15-10-2020,India,10689527,176498,10359305,153724
319,16-10-2020,India,10701193,173740,10373606,153847
320,17-10-2020,India,10720048,171686,10394352,154010
321,18-10-2020,India,10733131,169824,10409160,154147
322,19-10-2020,India,10746183,168784,10423125,154274
323,20-10-2020,India,10757610,168235,10434983,154392
324,21-10-2020,India,10766245,163353,10448406,154486
325,22-10-2020,India,10777284,160057,10462631,154596
326,23-10-2020,India,10790183,155025,10480455,154703
327,24-10-2020,India,10802591,151460,10496308,154823
328,25-10-2020,India,10814304,148590,10510796,154918
329,26-10-2020,India,10826363,148766,10522601,154996
330,27-10-2020,India,10838194,148609,10534505,155080
331,28-10-2020,India,10847304,143625,10548521,155158
332,29-10-2020,India,10858371,141511,10561608,155252
333,30-10-2020,India,10871294,142562,10573372,155360
334,31-10-2020,India,10880603,135926,10589230,155447
335,01-11-2020,India,10892746,136571,10600625,155550
336,02-11-2020,India,10904940,137567,10611731,155642
337,03-11-2020,India,10916589,139637,10621220,155732
338,04-11-2020,India,10925710,136872,10633025,155813
339,05-11-2020,India,10937320,136549,10644858,155913
340,06-11-2020,India,10950201,137342,10656845,156014
341,07-11-2020,India,10963394,139542,10667741,156111
342,08-11-2020,India,10977387,143127,10678048,156212
343,09-11-2020,India,10991651,145634,10689715,156302
344,10-11-2020,India,11005850,150055,10699410,156385
345,11-11-2020,India,11016434,147306,10712665,156463
346,12-11-2020,India,11030176,146907,10726702,156567
347,13-11-2020,India,11046914,151708,10738501,156705
348,14-11-2020,India,11063491,155986,10750680,156825
349,15-11-2020,India,11079979,159590,10763451,156938
350,16-11-2020,India,11112241,168627,10786457,157157
351,17-11-2020,India,11124527,168358,10798921,157248
352,18-11-2020,India,11139516,170126,10812044,157346
353,19-11-2020,India,11156923,173413,10826075,157435
354,20-11-2020,India,11192088,180304,10854128,157656
355,21-11-2020,India,11210799,184523,10868520,157756
356,22-11-2020,India,11229398,188747,10882798,157853
357,23-11-2020,India,11244786,187462,10899394,157930
358,24-11-2020,India,11262707,184598,10920046,158063
359,25-11-2020,India,11285561,189226,10938146,158189
360,26-11-2020,India,11333728,202022,10973260,158446
361,27-11-2020,India,11359048,210544,10989897,158607
362,28-11-2020,India,11385339,219262,11007352,158725
363,29-11-2020,India,11409831,223432,11027543,158856
364,30-11-2020,India,11438734,234406,11045284,159044
365,01-12-2020,India,11474605,252364,11063025,159216
366,02-12-2020,India,11514331,271282,11083679,159370
367,03-12-2020,India,11555284,288394,11107332,159558
368,04-12-2020,India,11599130,309087,11130288,159755
369,05-12-2020,India,11646081,334646,11151468,159967
370,06-12-2020,India,11686796,345377,11181253,160166
371,07-12-2020,India,11734058,368457,11205160,160441
372,08-12-2020,India,11787534,395192,11231650,160692
373,09-12-2020,India,11908910,452647,11295023,161240
374,10-12-2020,India,11971624,486310,11323762,161552
375,11-12-2020,India,12039644,521808,11355993,161843
376,12-12-2020,India,12095855,540720,11393021,162114
377,13-12-2020,India,12149335,552566,11434301,162468
378,14-12-2020,India,12221665,584055,11474683,162927
379,15-12-2020,India,12303131,614696,11525039,163396
380,16-12-2020,India,12392260,658909,11569241,164110
381,17-12-2020,India,12485509,691597,11629289,164623
382,18-12-2020,India,12589067,741830,11682136,165101
383,19-12-2020,India,12686049,788223,11732279,165547
384,20-12-2020,India,12801785,843473,11792135,166177
385,21-12-2020,India,12928574,910319,11851393,166862
386,22-12-2020,India,13060542,979608,11913292,167642
387,23-12-2020,India,13205926,1046631,11990859,168436
388,24-12-2020,India,13358805,1108087,12081443,169275
389,25-12-2020,India,13527717,1201009,12156529,170179
390,26-12-2020,India,13689453,1264698,12253697,171058
391,27-12-2020,India,13873825,1365704,12336036,172085
392,28-12-2020,India,14074564,1471877,12429564,173123
393,29-12-2020,India,14291917,1569743,12547866,174308
394,30-12-2020,India,14526609,1679740,12671220,175649
395,31-12-2020,India,14788109,1801316,12809643,177150
396,01-01-2021,India,15061919,1929329,12953821,178769
397,02-01-2021,India,15321089,2031977,13108582,180530
398,03-01-2021,India,15616130,2157538,13276039,182553
399,04-01-2021,India,15930965,2291428,13454880,184657
400,05-01-2021,India,16263695,2428616,13648159,186920
401,06-01-2021,India,16610481,2552940,13867997,189544
402,07-01-2021,India,16960172,2682751,14085110,192311
403,08-01-2021,India,17313163,2813658,14304382,195123
404,09-01-2021,India,17636307,2882204,14556209,197894
405,10-01-2021,India,17997267,2978709,14817371,201187
406,11-01-2021,India,18376524,3084814,15086878,204832
407,12-01-2021,India,18762976,3170228,15384418,208330
408,13-01-2021,India,19164969,3268710,15684406,211853
409,14-01-2021,India,19557457,3349644,15992271,215542
410,15-01-2021,India,19925604,3413642,16293003,218959
411,16-01-2021,India,20282833,3447133,16613292,222408
412,17-01-2021,India,20665148,3487229,16951731,226188
413,18-01-2021,India,21077410,3566398,17280844,230168
414,19-01-2021,India,21491598,3645164,17612351,234083
415,20-01-2021,India,21892676,3723446,17930960,238270
416,21-01-2021,India,22296414,3736648,18317404,242362
417,22-01-2021,India,22662575,3745237,18671222,246116
418,23-01-2021,India,22992517,3715221,19027304,249992
419,24-01-2021,India,23340938,3704099,19382642,254197
420,25-01-2021,India,23703665,3710525,19734823,258317
421,26-01-2021,India,23703665,3710525,19734823,258317
422,27-01-2021,India,24046809,3704893,20079599,262317
423,28-01-2021,India,24684077,3618458,20795335,270284
424,29-01-2021,India,24965463,3516997,21174076,274390
425,30-01-2021,India,25228996,3353765,21596512,278719
426,31-01-2021,India,25496330,3226719,21986363,283248
427,01-02-2021,India,25772440,3129878,22355440,287122
428,02-02-2021,India,26031991,3027925,22712735,291331
429,03-02-2021,India,26289290,2923400,23070365,295525
430,04-02-2021,India,26530132,2805399,23425467,299266
431,05-02-2021,India,26752447,2720716,23728011,303720
432,06-02-2021,India,26948874,2586782,24054861,307231
433,07-02-2021,India,27157795,2495591,24350816,311388
434,08-02-2021,India,27369093,2419907,24633951,315235
435,09-02-2021,India,27555457,2343152,24893410,318895
436,10-02-2021,India,27894800,2114508,25454320,325972
437,11-02-2021,India,28047534,2026092,25692342,329100
438,12-02-2021,India,28175044,1895520,25947629,331895
439,13-02-2021,India,28307832,1793645,26179085,335102
440,14-02-2021,India,28441986,1713413,26390584,337989
441,15-02-2021,India,28574350,1635993,26597655,340702
442,16-02-2021,India,28694879,1555248,26795549,344082
443,17-02-2021,India,28809339,1477799,26984781,346759
444,18-02-2021,India,28909975,1401609,27159180,349186
445,19-02-2021,India,28996473,1303702,27341462,351309
446,20-02-2021,India,29089069,1231415,27504126,353528
447,21-02-2021,India,29183121,1167952,27655493,359676
448,22-02-2021,India,29274823,1121671,27790073,363079
449,23-02-2021,India,29359155,1080690,27911384,367081
450,24-02-2021,India,29439989,1026159,28043446,370384
451,25-02-2021,India,29510410,973158,28162947,374305
452,26-02-2021,India,29570881,913378,28280472,377031
453,27-02-2021,India,29633105,865432,28388100,379573
454,28-02-2021,India,29700313,826740,28491670,381903
455,01-03-2021,India,29762793,798656,28580647,383490
456,02-03-2021,India,29823546,760019,28678390,385137
457,03-03-2021,India,29881965,729243,28766009,386713
458,04-03-2021,India,29935221,702887,28844199,388135
459,05-03-2021,India,29977861,662521,28926038,389302
460,06-03-2021,India,30028709,643194,28994855,390660
461,07-03-2021,India,30134445,612868,29128267,393310
462,08-03-2021,India,30183143,595565,29193085,394493
463,09-03-2021,India,30233183,586403,29251029,395751
464,10-03-2021,India,30279331,572994,29309607,396730
465,11-03-2021,India,30316897,552659,29366601,397637
466,12-03-2021,India,30362848,537064,29427330,398454
467,13-03-2021,India,30411634,523257,29488918,399459
468,14-03-2021,India,30458251,509637,29548302,400312
469,15-03-2021,India,30502362,495533,29605779,401050
470,16-03-2021,India,30545433,485350,29658078,402005
471,17-03-2021,India,30585229,482071,29700430,402728
472,18-03-2021,India,30619932,464357,29752294,403281
473,19-03-2021,India,30663665,459920,29799534,404211
474,20-03-2021,India,30709557,460704,29843825,405028
475,21-03-2021,India,30752950,458727,29888284,405939
476,22-03-2021,India,30795716,455033,29933538,407145
477,23-03-2021,India,30837222,454118,29975064,408040
478,24-03-2021,India,30874376,450899,30014713,408764
479,25-03-2021,India,30905819,431315,30063720,410784
480,26-03-2021,India,30946074,429946,30104720,411408
481,27-03-2021,India,30987880,432041,30143850,411989
482,28-03-2021,India,31026829,430422,30183876,412531
483,29-03-2021,India,31064908,424025,30227792,413091
484,30-03-2021,India,31106065,422660,30269796,413609
485,31-03-2021,India,31144229,421665,30308456,414108
486,01-04-2021,India,31216337,407170,30390687,418480
487,02-04-2021,India,31257720,409394,30429339,418987
488,03-04-2021,India,31411262,411189,30579106,420967
489,04-04-2021,India,31440951,398100,30621469,421382
490,05-04-2021,India,31484605,399436,30663147,422022
491,06-04-2021,India,31528114,403840,30701612,422662
492,07-04-2021,India,31610408,417330,30769716,423362
493,08-04-2021,India,31575929,396745,30755519,423665
494,09-04-2021,India,31655824,410952,30820521,424351
495,10-04-2021,India,31695958,413718,30857467,424773
496,11-04-2021,India,31726507,404958,30896354,425195
497,12-04-2021,India,31769132,410353,30933022,425757
498,13-04-2021,India,31812114,411076,30974748,426290
499,14-04-2021,India,31856757,414159,31015844,426754
500,15-04-2021,India,31895385,412153,31055861,427371
501,16-04-2021,India,31934455,406822,31099771,427862
502,17-04-2021,India,31969954,402188,31139457,428309
503,18-04-2021,India,31998158,388508,31180968,428682
504,19-04-2021,India,32036511,386351,31220981,429179
505,20-04-2021,India,32077706,387987,31260050,429669
506,21-04-2021,India,32117826,385227,31302345,430254
507,22-04-2021,India,32156493,387673,31338088,430732
508,23-04-2021,India,32192576,385336,31376015,431225
509,24-04-2021,India,32225513,381947,31411924,431642
510,25-04-2021,India,32250679,369846,31448754,432079
511,26-04-2021,India,32285857,367415,31485923,432519
512,27-04-2021,India,32322258,364129,31525080,433049
513,28-04-2021,India,32358829,363605,31561635,433589
514,29-04-2021,India,32393286,361340,31597982,433964
515,30-04-2021,India,32424234,353398,31636469,434367
516,01-05-2021,India,32449306,333924,31680626,434756
517,02-05-2021,India,32474773,319551,31720112,435110
518,03-05-2021,India,32512366,322327,31754281,435758
519,04-05-2021,India,32558530,333725,31788440,436365
520,05-05-2021,India,32603188,344899,31821428,436861
521,06-05-2021,India,32649947,359775,31852802,437370
522,07-05-2021,India,32695030,368558,31888642,437830
523,08-05-2021,India,32737939,376324,31923405,438210
524,09-05-2021,India,32768880,370640,31959680,438560
525,10-05-2021,India,32810845,378181,31993644,439020
526,11-05-2021,India,32857937,389583,32028825,439529
527,12-05-2021,India,32903289,399778,32063616,439895
528,13-05-2021,India,32945907,405681,32100001,440225
529,14-05-2021,India,32988673,410048,32138092,440533
530,15-05-2021,India,33027621,404874,32181995,440752
531,16-05-2021,India,33139981,393614,32304618,441749
532,17-05-2021,India,33096718,391256,32264051,441411
533,18-05-2021,India,33139981,393614,32304618,441749
534,19-05-2021,India,33206145,389903,32374027,442215
535,20-05-2021,India,33234146,409416,32382355,442375
536,21-05-2021,India,33236921,384921,32409345,442655
537,22-05-2021,India,33264175,374269,32447032,442874
538,23-05-2021,India,33289579,362207,32484159,443213
539,24-05-2021,India,33316755,351087,32522171,443497
540,25-05-2021,India,33172237,342223,32389375,440639
541,26-05-2021,India,33417390,340639,32632222,444529
542,27-05-2021,India,33448163,332158,32671167,444838
543,28-05-2021,India,33478419,318181,32715105,445133
544,29-05-2021,India,33504534,309575,32749574,445385
545,30-05-2021,India,33531498,301989,32783741,445768
546,31-05-2021,India,33563421,301640,32815731,446050
547,01-06-2021,India,33594803,300162,32848273,446368
548,02-06-2021,India,33624419,301442,32876319,446658
549,03-06-2021,India,33652745,303476,32902351,446918
550,04-06-2021,India,33678786,299620,32931972,447194
551,05-06-2021,India,33697581,292206,32958002,447373
552,06-06-2021,India,33716451,282520,32986180,447751
553,07-06-2021,India,33739980,277020,33014898,448062
554,08-06-2021,India,33766707,275224,33043144,448339
555,09-06-2021,India,33791061,273889,33068599,448573
556,10-06-2021,India,33813903,270557,33094529,448817
557,11-06-2021,India,33834702,264458,33121247,448997
558,12-06-2021,India,33853048,252902,33150886,449260
559,13-06-2021,India,33871881,246687,33175656,449538
560,14-06-2021,India,33894312,244198,33200258,449856
561,15-06-2021,India,33915569,240221,33225221,450127
562,16-06-2021,India,33935309,236643,33248291,450375
563,17-06-2021,India,33953475,230971,33271915,450589
564,18-06-2021,India,33971607,227347,33293478,450782
565,19-06-2021,India,33985920,214900,33320057,450963
566,20-06-2021,India,34001743,207653,33342901,451189
567,21-06-2021,India,34020730,206586,33362709,451435
568,22-06-2021,India,34037592,203678,33382100,451814
569,23-06-2021,India,34053573,201632,33399961,451980
570,24-06-2021,India,34067719,195846,33419749,452124
571,25-06-2021,India,34081315,189694,33439331,452290
572,26-06-2021,India,34094373,183118,33458801,452454
573,27-06-2021,India,34108996,178098,33478247,452651
574,28-06-2021,India,34127450,178831,33495808,452811
575,29-06-2021,India,34143236,175745,33514449,453042
576,30-06-2021,India,34159562,173728,33532126,453708
577,01-07-2021,India,34175468,172594,33548605,454269
578,02-07-2021,India,34188774,166695,33567367,454712
579,03-07-2021,India,34202202,163816,33583318,455068
580,04-07-2021,India,34215653,162661,33597339,455653
581,05-07-2021,India,34231809,160989,33614434,456386
582,06-07-2021,India,34246157,161334,33627632,457191
583,07-07-2021,India,34260470,161555,33641175,457740
584,08-07-2021,India,34273300,159272,33655842,458186
585,09-07-2021,India,34285814,158817,33668560,458437
586,10-07-2021,India,34296237,153776,33683581,458880
587,11-07-2021,India,34321025,148579,33712794,459652
588,12-07-2021,India,34333754,148922,33724959,459873
589,13-07-2021,India,34344683,146950,33737468,460265
590,14-07-2021,India,34355536,144845,33749900,460791
591,15-07-2021,India,34366986,142825,33763104,461057
592,16-07-2021,India,34377113,140638,33775086,461389
593,17-07-2021,India,34388579,139683,33787047,461849
594,18-07-2021,India,34401670,138556,33800925,462189
595,19-07-2021,India,34414186,137416,33814080,462690
596,20-07-2021,India,34437307,135918,33837859,463530
597,21-07-2021,India,34447536,134096,33849785,463655
598,22-07-2021,India,34456401,130793,33861756,463852
599,23-07-2021,India,34466598,128555,33873890,464153
600,24-07-2021,India,34478517,128762,33885132,464623
601,25-07-2021,India,33897921,-465082,33897921,465082
602,26-07-2021,India,34499925,124868,33909708,465349
603,27-07-2021,India,34518901,118443,33934547,465911
604,28-07-2021,India,34526480,113584,33946749,466147
605,29-07-2021,India,34535763,111481,33957698,466584
606,30-07-2021,India,34544882,109940,33967962,466980
607,31-07-2021,India,34555431,110133,33977830,467468
608,01-08-2021,India,34563749,107019,33988797,467933
609,02-08-2021,India,34572523,105691,33998278,468554
610,03-08-2021,India,34580832,103859,34008183,468790
611,04-08-2021,India,34587822,100543,34018299,468980
612,05-08-2021,India,34606541,99763,34037054,469724
613,06-08-2021,India,34633255,99155,34060774,473326
614,07-08-2021,India,34641561,98416,34069608,473537
615,08-08-2021,India,34648383,95014,34079612,473757
616,09-08-2021,India,34656822,93733,34089137,473952
617,10-08-2021,India,34666241,94742,34097388,474111
618,11-08-2021,India,34690510,92281,34122795,475434
619,12-08-2021,India,34697860,91456,34130768,475636
620,13-08-2021,India,34703644,88993,34138763,475888
621,14-08-2021,India,34710628,87562,34146931,476135
622,15-08-2021,India,34718602,87245,34154879,476478
623,16-08-2021,India,34726049,86415,34162765,476869
624,17-08-2021,India,34733194,84565,34171471,477158
625,18-08-2021,India,34540275,83913,34178940,477422
626,19-08-2021,India,34546838,82267,34187017,477554
627,20-08-2021,India,34697860,91456,34130768,475636
628,21-08-2021,India,34703644,88993,34138763,475888
629,22-08-2021,India,34710628,87562,34146931,476135
